Key,NameID,InfoID,TitleID,Body0ID,Body1ID
Veris,CHAR_001_NAME,CHAR_001_INFO,CHAR_DETAIL_001_TITLE,CHAR_DETAIL_001_BODY0,CHAR_DETAIL_001_BODY1
Noema,CHAR_002_NAME,CHAR_002_INFO,CHAR_DETAIL_002_TITLE,CHAR_DETAIL_002_BODY0,CHAR_DETAIL_002_BODY1
Page,CHAR_003_NAME,CHAR_003_INFO,CHAR_DETAIL_003_TITLE,CHAR_DETAIL_003_BODY0,CHAR_DETAIL_003_BODY1
Boba,CHAR_004_NAME,CHAR_004_INFO,CHAR_DETAIL_004_TITLE,CHAR_DETAIL_004_BODY0,CHAR_DETAIL_004_BODY1
Kiki2,CHAR_005_NAME,CHAR_005_INFO,CHAR_DETAIL_005_TITLE,CHAR_DETAIL_005_BODY0,CHAR_DETAIL_005_BODY1
Nightmare,EVENT_000_NAME,EVENT_000_INFO,EVENT_DETAIL_000_TITLE,EVENT_DETAIL_000_BODY0,EVENT_DETAIL_000_BODY1
Dream,EVENT_001_NAME,EVENT_001_INFO,EVENT_DETAIL_001_TITLE,EVENT_DETAIL_001_BODY0,EVENT_DETAIL_001_BODY1
Suspicious,EVENT_002_NAME,EVENT_002_INFO,EVENT_DETAIL_002_TITLE,EVENT_DETAIL_002_BODY0,EVENT_DETAIL_002_BODY1
Qiqiao,EVENT_003_NAME,EVENT_003_INFO,EVENT_DETAIL_003_TITLE,EVENT_DETAIL_003_BODY0,EVENT_DETAIL_003_BODY1
Lockdown,EVENT_004_NAME,EVENT_004_INFO,EVENT_DETAIL_004_TITLE,EVENT_DETAIL_004_BODY0,EVENT_DETAIL_004_BODY1
Purser,EVENT_005_NAME,EVENT_005_INFO,EVENT_DETAIL_005_TITLE,EVENT_DETAIL_005_BODY0,EVENT_DETAIL_005_BODY1
Mirror,EVENT_006_NAME,EVENT_006_INFO,EVENT_DETAIL_006_TITLE,EVENT_DETAIL_006_BODY0,EVENT_DETAIL_006_BODY1
Silk,EVENT_007_NAME,EVENT_007_INFO,EVENT_DETAIL_007_TITLE,EVENT_DETAIL_007_BODY0,EVENT_DETAIL_007_BODY1
Drumbeat,EVENT_008_NAME,EVENT_008_INFO,EVENT_DETAIL_008_TITLE,EVENT_DETAIL_008_BODY0,EVENT_DETAIL_008_BODY1
Lantern,EVENT_009_NAME,EVENT_009_INFO,EVENT_DETAIL_009_TITLE,EVENT_DETAIL_009_BODY0,EVENT_DETAIL_009_BODY1
CH2_NewDay,EVENT_010_NAME,EVENT_010_INFO,EVENT_DETAIL_010_TITLE,EVENT_DETAIL_010_BODY0,EVENT_DETAIL_010_BODY1
CH2_TheThing,EVENT_011_NAME,EVENT_011_INFO,EVENT_DETAIL_011_TITLE,EVENT_DETAIL_011_BODY0,EVENT_DETAIL_011_BODY1
CH2_Board,EVENT_012_NAME,EVENT_012_INFO,EVENT_DETAIL_012_TITLE,EVENT_DETAIL_012_BODY0,EVENT_DETAIL_012_BODY1
CH2_OneDream,EVENT_013_NAME,EVENT_013_INFO,EVENT_DETAIL_013_TITLE,EVENT_DETAIL_013_BODY0,EVENT_DETAIL_013_BODY1
CH2_NoemaFriend,EVENT_014_NAME,EVENT_014_INFO,EVENT_DETAIL_014_TITLE,EVENT_DETAIL_014_BODY0,EVENT_DETAIL_014_BODY1
CH2_NoemaKey,EVENT_015_NAME,EVENT_015_INFO,EVENT_DETAIL_015_TITLE,EVENT_DETAIL_015_BODY0,EVENT_DETAIL_015_BODY1
Task1,TASK_001_NAME,TASK_001_INFO,TASK_001_DETAIL_TITLE,TASK_001_DETAIL_BODY0,TASK_001_DETAIL_BODY1
Task2_FindFood,TASK_002_NAME,TASK_002_INFO,TASK_002_DETAIL_TITLE,TASK_002_DETAIL_BODY0,TASK_002_DETAIL_BODY1
Task3_LeavePlane,TASK_003_NAME,TASK_003_INFO,TASK_003_DETAIL_TITLE,TASK_003_DETAIL_BODY0,TASK_003_DETAIL_BODY1
Task4_HelpPlane,TASK_004_NAME,TASK_004_INFO,TASK_004_DETAIL_TITLE,TASK_004_DETAIL_BODY0,TASK_004_DETAIL_BODY1
Task4_Lanterns,TASK_005_NAME,TASK_005_INFO,TASK_005_DETAIL_TITLE,TASK_005_DETAIL_BODY0,TASK_005_DETAIL_BODY1
Task4_Sound,TASK_006_NAME,TASK_006_INFO,TASK_006_DETAIL_TITLE,TASK_006_DETAIL_BODY0,TASK_006_DETAIL_BODY1
CH2_Task1_Meet,TASK_007_NAME,TASK_007_INFO,TASK_007_DETAIL_TITLE,TASK_007_DETAIL_BODY0,TASK_007_DETAIL_BODY1
CH2_Task2_Gift,TASK_008_NAME,TASK_008_INFO,TASK_008_DETAIL_TITLE,TASK_008_DETAIL_BODY0,TASK_008_DETAIL_BODY1
CH2_Task3_Return,TASK_009_NAME,TASK_009_INFO,TASK_009_DETAIL_TITLE,TASK_009_DETAIL_BODY0,TASK_009_DETAIL_BODY1
CH2_Task4_Show,TASK_010_NAME,TASK_010_INFO,TASK_010_DETAIL_TITLE,TASK_010_DETAIL_BODY0,TASK_010_DETAIL_BODY1
CH2_Task5_Sign,TASK_011_NAME,TASK_011_INFO,TASK_011_DETAIL_TITLE,TASK_011_DETAIL_BODY0,TASK_011_DETAIL_BODY1
CH2_Task6_Assist,TASK_012_NAME,TASK_012_INFO,TASK_012_DETAIL_TITLE,TASK_012_DETAIL_BODY0,TASK_012_DETAIL_BODY1
CH2_NoemaNote1,EVENT_016_NAME,EVENT_016_INFO,EVENT_DETAIL_016_TITLE,EVENT_DETAIL_016_BODY0,EVENT_DETAIL_016_BODY1
CH2_NoemaNote2,EVENT_017_NAME,EVENT_017_INFO,EVENT_DETAIL_017_TITLE,EVENT_DETAIL_017_BODY0,EVENT_DETAIL_017_BODY1
CH2_NoemaNote3,EVENT_018_NAME,EVENT_018_INFO,EVENT_DETAIL_018_TITLE,EVENT_DETAIL_018_BODY0,EVENT_DETAIL_018_BODY1
CH2_Exit8_Rule1,EVENT_019_NAME,EVENT_019_INFO,EVENT_DETAIL_019_TITLE,EVENT_DETAIL_019_BODY0,EVENT_DETAIL_019_BODY1
CH2_Exit8_Rule2,EVENT_020_NAME,EVENT_020_INFO,EVENT_DETAIL_020_TITLE,EVENT_DETAIL_020_BODY0,EVENT_DETAIL_020_BODY1
CH2_Exit8_Rule3,EVENT_021_NAME,EVENT_021_INFO,EVENT_DETAIL_021_TITLE,EVENT_DETAIL_021_BODY0,EVENT_DETAIL_021_BODY1
CH2_Exit8_Rule4,EVENT_022_NAME,EVENT_022_INFO,EVENT_DETAIL_022_TITLE,EVENT_DETAIL_022_BODY0,EVENT_DETAIL_022_BODY1
CH2_Exit8_Rule5,EVENT_023_NAME,EVENT_023_INFO,EVENT_DETAIL_023_TITLE,EVENT_DETAIL_023_BODY0,EVENT_DETAIL_023_BODY1